Workbook

Sheet قابلیت‌ها
A1: ردیف | B1: قابلیت (نام در پریمیر) | C1: نام فارسی | D1: چه کار می‌کند و هدفش چیست | E1: پشت صحنه: پریمیر چطور این کار را انجام می‌دهد | F1: دسته | G1: کجا / میان‌بر (ویندوز) | H1: نوع پردازش | I1: ارتقای کیفیت تصویر/صدا
A2: 1 | B2: Project (.prproj) | C2: پروژه | D2: فایلی که همه‌ی کلیپ‌ها، سکانس‌ها، جلوه‌ها و تنظیمات کار را سازمان می‌دهد؛ خود ویدیوها داخلش نیستند. | E2: فایل پروژه یک XML فشرده ‪(gzip)‬ است که فقط مسیر فایل‌های رسانه، نقاط ورود و خروج، ترتیب کلیپ‌ها و پارامتر جلوه‌ها را نگه می‌دارد؛ برای همین کوچک است و جابه‌جا کردن فایل‌های رسانه باعث «آفلاین» شدن کلیپ‌ها می‌شود. | F2: پروژه و مدیریت رسانه | G2: File > New > Project · Ctrl+Alt+N | H2: مدیریتی، رابط و جریان کار
A3: 2 | B3: Multiple Open Projects & Project Locking | C3: چند پروژه‌ی باز و قفل پروژه | D3: باز کردن هم‌زمان چند پروژه و جلوگیری از ویرایش هم‌زمان یک پروژه توسط دو نفر. | E3: هر پروژه‌ی باز یک مدل داده‌ی جدا در حافظه است؛ قفل با یک فایل نشانگر (‎.prlock‎) کنار پروژه اعلام می‌کند چه کسی در حال ویرایش است. | F3: پروژه و مدیریت رسانه | G3: File > Open Project · Preferences > Collaboration | H3: مدیریتی، رابط و جریان کار
A4: 3 | B4: Project Panel Views | C4: نماهای پنل پروژه (لیست، آیکن، آزاد) | D4: نمایش کلیپ‌ها به‌صورت فهرست با ستون‌های متادیتا، شبکه‌ی آیکن یا چیدمان آزاد ‪(Freeform)‬ مثل استوری‌بورد. | E4: نمای لیست روی متادیتای کلیپ‌ها مرتب‌سازی و فیلتر می‌کند؛ Freeform مختصات هر آیتم را ذخیره می‌کند تا چیدمان دلخواه بماند؛ Hover Scrub فریم متناظر با موقعیت ماوس را نشان می‌دهد. | F4: پروژه و مدیریت رسانه | G4: Window > Project | H4: مدیریتی، رابط و جریان کار
A5: 4 | B5: Bins & Search Bins | C5: بین‌ها و بین‌های جست‌وجو | D5: پوشه‌های داخل پروژه برای مرتب کردن رسانه؛ Search Bin بر اساس یک جست‌وجو خودکار پر می‌شود. | E5: بین فقط یک گره در درخت پروژه است و فایل‌ها روی دیسک جابه‌جا نمی‌شوند؛ Search Bin یک پرس‌وجوی ذخیره‌شده روی متادیتاست که با هر تغییر دوباره اجرا می‌شود. | F5: پروژه و مدیریت رسانه | G5: Ctrl+/ · File > New > Search Bin | H5: مدیریتی، رابط و جریان کار
A6: 5 | B6: Media Browser & Import | C6: مرورگر رسانه و وارد کردن | D6: مرور کارت‌ها و پوشه‌ها و وارد کردن فایل‌ها با پیش‌نمایش؛ ساختار پوشه‌ی دوربین‌ها (مثل XDCAM، P2 و AVCHD) را می‌شناسد. | E6: ساختار استاندارد پوشه‌ی کارت دوربین تحلیل می‌شود تا فایل‌های تکه‌تکه‌ی یک ضبط طولانی ‪(Spanned Clips)‬ به‌صورت یک کلیپ پیوسته و با متادیتای درست وارد شوند. | F6: پروژه و مدیریت رسانه | G6: Shift+8 · Ctrl+I | H6: مدیریتی، رابط و جریان کار
A7: 6 | B7: Supported Formats & Camera RAW | C7: فرمت‌ها و RAW دوربین | D7: پشتیبانی از فرمت‌های رایج و حرفه‌ای (H.264، HEVC، ProRes، DNx، XAVC، RED، ARRIRAW، Blackmagic RAW، ProRes RAW و ...)؛ در ۲۶.۵ پشتیبانی Sony FX5، ARRICORE و ProRes RAW بهتر شده است. | E7: هر فرمت با یک رمزگشا ‪(Decoder)‬ خوانده می‌شود؛ در فرمت‌های RAW، دموزاییک و تبدیل رنگ در خود برنامه انجام می‌شود و تنظیمات منبع ‪(Source Settings)‬ قابل تغییر است. | F7: پروژه و مدیریت رسانه | G7: File > Import | H7: کدک، رمزگشایی و رندر
A8: 7 | B8: Image Sequences | C8: دنباله‌ی تصاویر | D8: وارد کردن مجموعه‌ای از عکس‌های شماره‌دار (تایم‌لپس یا رندر سه‌بعدی) به‌صورت یک کلیپ ویدیویی. | E8: فایل‌ها بر اساس الگوی شماره مرتب و هر تصویر به یک فریم با نرخ فریم پیش‌فرض (قابل تغییر در Interpret Footage) نگاشت می‌شود. | F8: پروژه و مدیریت رسانه | G8: Import > تیک Image Sequence | H8: مدیریتی، رابط و جریان کار
A9: 8 | B9: Photoshop & Illustrator Files | C9: فایل‌های فتوشاپ و ایلاستریتور | D9: وارد کردن PSD به‌صورت لایه‌های جدا (به شکل سکانس) یا ادغام‌شده، و فایل‌های برداری ایلاستریتور. | E9: هر لایه‌ی PSD با حالت ترکیب و شفافیتش به یک کلیپ جدا تبدیل و در یک سکانس روی هم چیده می‌شود؛ فایل‌های برداری با Vector Motion در هر مقیاس دوباره پیکسلی می‌شوند. | F9: پروژه و مدیریت رسانه | G9: File > Import | H9: ترکیب لایه و شفافیت
A10: 9 | B10: Interpret Footage | C10: تفسیر فوتیج | D10: تغییر نحوه‌ی تفسیر فایل: نرخ فریم (برای آهسته کردن)، نسبت پیکسل، ترتیب فیلدها، آلفا و فضای رنگی. | E10: فقط متادیتای تفسیر در پروژه عوض می‌شود؛ مثلاً اگر فوتیج ۱۲۰ فریمی به‌صورت ۲۴ فریم تفسیر شود، هر فریم یک‌به‌یک پخش و ویدیو ۵ برابر کندتر بدون درون‌یابی می‌شود. | F10: پروژه و مدیریت رسانه | G10: Clip > Modify > Interpret Footage | H10: زمانی (بین فریم‌ها)
A11: 10 | B11: Media Intelligence Search | C11: جست‌وجوی هوشمند رسانه | D11: جست‌وجوی کلیپ‌ها با توصیف محتوا (مثلاً «ماشین قرمز در غروب»)، گفتار، صدا و تصاویر مشابه در پنل Search. | E11: کلیپ‌ها تحلیل و برای فریم‌ها و صدا بردارهای ویژگی ‪(Embedding)‬ ساخته می‌شود؛ متن جست‌وجو هم به همان فضای برداری برده و نزدیک‌ترین بردارها به‌عنوان نتیجه برگردانده می‌شوند. | F11: پروژه و مدیریت رسانه | G11: Window > Search | H11: هوش مصنوعی (دستگاه یا ابر)
A12: 11 | B12: Markers | C12: مارکرها | D12: علامت‌گذاری لحظه‌ها روی کلیپ یا سکانس با نام، رنگ، توضیح و مدت؛ از ۲۶.۲ جست‌وجو بر اساس نام، توضیح و رنگ. | E12: هر مارکر یک رکورد زمانی (تایم‌کد، مدت، رنگ، متن) در متادیتای کلیپ یا سکانس است و می‌تواند به After Effects یا Frame.io منتقل شود. | F12: پروژه و مدیریت رسانه | G12: کلید M · Window > Markers | H12: مدیریتی، رابط و جریان کار
A13: 12 | B13: Metadata & Labels | C13: متادیتا و برچسب‌ها | D13: مشاهده و ویرایش اطلاعات کلیپ (دوربین، تاریخ، صحنه، نما) و رنگ برچسب برای سازمان‌دهی. | E13: متادیتا به‌صورت XMP داخل فایل یا در پروژه ذخیره می‌شود و در ستون‌های پنل پروژه قابل مرتب‌سازی و جست‌وجوست. | F13: پروژه و مدیریت رسانه | G13: Window > Metadata | H13: مدیریتی، رابط و جریان کار
... A77: 76 | B77: Frame Blending | C77: ترکیب فریم | D77: نرم‌تر کردن حرکت آهسته با مخلوط کردن فریم‌های مجاور. | E77: فریم میانی ترکیب وزن‌دار دو فریم منبع مجاور است، که ظاهری شبح‌دار ‪(Ghosting)‬ ایجاد می‌کند. | F77: سرعت و زمان | G77: Time Interpolation > Frame Blending | H77: زمانی (بین فریم‌ها)
A78: 77 | B78: Optical Flow | C78: جریان نوری | D78: ساختن فریم‌های میانی واقعی برای حرکت آهسته‌ی نرم. | E78: برای هر پیکسل بردار حرکت بین دو فریم تخمین زده (جریان نوری) و فریم جدید با جابه‌جا کردن پیکسل‌ها در میانه‌ی مسیر ساخته می‌شود؛ در حرکت‌های پیچیده یا هم‌پوشان ممکن است اعوجاج ایجاد کند. | F78: سرعت و زمان | G78: Time Interpolation > Optical Flow | H78: تخمین و ردیابی حرکت | I78: ✓
A79: 78 | B79: Echo | C79: پژواک ‪(Echo)‬ | D79: تکرار فریم‌های قبلی با کم‌رنگی برای جلوه‌ی ردپای حرکت. | E79: چند فریم با فاصله‌ی زمانی Echo Time خوانده و با ضریب کاهشی و عملگر ترکیب (مثل Add یا Maximum) روی هم ترکیب می‌شوند. | F79: سرعت و زمان | G79: Effects > Time > Echo | H79: زمانی (بین فریم‌ها)
A80: 79 | B80: Posterize Time | C80: پوستری کردن زمان | D80: کاهش نرخ فریم ظاهری برای حس استاپ‌موشن یا کارتونی. | E80: هر فریم منبع برای چند فریم خروجی تکرار می‌شود تا نرخ فریم مؤثر به مقدار داده‌شده برسد. | F80: سرعت و زمان | G80: Effects > Time > Posterize Time | H80: زمانی (بین فریم‌ها)
A81: 80 | B81: Time Tuner | C81: تنظیم‌گر زمان | D81: کوتاه یا بلند کردن نامحسوس طول ویدیو هنگام خروجی برای رسیدن به مدت دقیق پخش. | E81: فریم‌هایی در نقاط کم‌تحرک یا نزدیک برش‌ها به‌طور نامحسوس حذف یا تکرار می‌شوند. | F81: سرعت و زمان | G81: Export > Effects > Time Tuner | H81: زمانی (بین فریم‌ها)
A82: 81 | B82: Motion | C82: حرکت ‪(Motion)‬ | D82: تغییر موقعیت، اندازه، چرخش و نقطه‌ی لنگر کلیپ؛ پایه‌ی تصویر در تصویر و انیمیشن. | E82: ماتریس تبدیل آفین روی هر فریم اعمال و پیکسل‌ها با درون‌یابی نمونه‌برداری می‌شوند (با Maximum Render Quality درون‌یابی دقیق‌تر). | F82: حرکت، کی‌فریم و ماسک | G82: Effect Controls > Motion | H82: هندسی (نگاشت مختصات و درون‌یابی)
A83: 82 | B83: Anti-flicker Filter | C83: فیلتر ضد لرزش | D83: کاهش لرزش خطوط افقی ریز (مثل متن نازک) در نمایش درهم‌رفته یا کوچک‌نمایی. | E83: یک محو عمودی ملایم که اختلاف روشنایی بین ردیف‌های مجاور را کم می‌کند. | F83: حرکت، کی‌فریم و ماسک | G83: Effect Controls > Motion > Anti-flicker Filter | H83: همسایگی مکانی (کانولوشن و فیلتر محلی)
A84: 83 | B84: Opacity & Blend Modes | C84: شفافیت و حالت‌های ترکیب | D84: کم‌رنگ کردن کلیپ و ترکیب آن با کلیپ‌های زیر با حالت‌هایی مثل Multiply، Screen و Overlay. | E84: شفافیت ضریب آلفاست؛ حالت‌های ترکیب همان فرمول‌های فتوشاپ‌اند (مثلاً Multiply = a×b و ‪Screen = 1−(1−a)(1−b)‬) که برای هر پیکسل هر فریم اجرا می‌شوند. | F84: حرکت، کی‌فریم و ماسک | G84: Effect Controls > Opacity | H84: ترکیب لایه و شفافیت
A85: 84 | B85: Keyframes | C85: کی‌فریم‌ها | D85: متحرک کردن هر پارامتر با تعیین مقدار آن در زمان‌های مختلف. | E85: بین کی‌فریم‌ها مقدار پارامتر برای هر فریم با تابع درون‌یابی محاسبه می‌شود؛ پس فقط چند نقطه ذخیره می‌شود نه مقدار همه‌ی فریم‌ها. | F85: حرکت، کی‌فریم و ماسک | G85: آیکن ساعت در Effect Controls | H85: مدیریتی، رابط و جریان کار
A86: 85 | B86: Keyframe Interpolation | C86: درون‌یابی کی‌فریم | D86: نوع حرکت بین کی‌فریم‌ها: خطی، بزیه، بزیه‌ی خودکار، بزیه‌ی پیوسته، ثابت ‪(Hold)‬ و Ease In/Out. | E86: خطی مقدار را با شیب ثابت عوض می‌کند؛ بزیه از منحنی مکعبی با دستگیره استفاده می‌کند؛ Hold مقدار را تا کی‌فریم بعدی ثابت نگه می‌دارد؛ Ease شیب را نزدیک کی‌فریم به صفر می‌رساند تا حرکت نرم شروع و تمام شود. | F86: حرکت، کی‌فریم و ماسک | G86: راست‌کلیک روی کی‌فریم | H86: هندسی (نگاشت مختصات و درون‌یابی)
A87: 86 | B87: Value & Velocity Graphs | C87: نمودار مقدار و سرعت | D87: تنظیم دقیق شتاب حرکت با منحنی‌ها. | E87: نمودار سرعت مشتق منحنی مقدار است؛ تغییر دستگیره‌ها شکل منحنی بزیه و در نتیجه شتاب را عوض می‌کند. | F87: حرکت، کی‌فریم و ماسک | G87: Effect Controls > باز کردن پارامتر | H87: مدیریتی، رابط و جریان کار
A88: 87 | B88: Transform Effect | C88: جلوه‌ی تبدیل ‪(Transform)‬ | D88: مثل Motion ولی با جایگاه قابل‌کنترل بین جلوه‌ها و محو حرکتی ‪(Shutter Angle)‬. | E88: تبدیل هندسی در همان جایگاه پشته‌ی جلوه‌ها اعمال می‌شود؛ محو حرکتی با نمونه‌برداری چند موقعیت میانی در بازه‌ی باز بودن شاتر و میانگین آن‌ها ساخته می‌شود. | F88: حرکت، کی‌فریم و ماسک | G88: Effects > Distort > Transform | H88: هندسی (نگاشت مختصات و درون‌یابی)
A89: 88 | B89: Crop | C89: برش کادر | D89: بریدن لبه‌های تصویر؛ برای تصویر در تصویر، نوار سینمایی و حذف حاشیه. | E89: پیکسل‌های بیرون ناحیه شفاف (آلفا صفر) می‌شوند و Edge Feather لبه را نرم می‌کند. | F89: حرکت، کی‌فریم و ماسک | G89: Effects > Transform > Crop | H89: هندسی (نگاشت مختصات و درون‌یابی)
A90: 89 | B90: Shape Masks | C90: ماسک‌های شکلی | D90: محدود کردن جلوه یا شفافیت به بیضی، مستطیل یا شکل دلخواه با قلم، با Feather، Opacity، Expansion و Invert. | E90: ماسک یک مسیر برداری است که در هر فریم به آلفای جلوه تبدیل می‌شود؛ Feather محو لبه و Expansion اتساع یا سایش مسیر است. | F90: حرکت، کی‌فریم و ماسک | G90: Effect Controls > آیکن‌های ماسک | H90: برداری و گرافیک
... A102: 101 | B102: Alpha Adjust | C102: تنظیم آلفا | D102: معکوس کردن، نادیده گرفتن یا نمایش کانال آلفا به‌صورت ماسک. | E102: کانال آلفا در ضریب ضرب، معکوس یا به‌صورت تصویر خاکستری نمایش داده می‌شود. | F102: کلید و ترکیب | G102: Effects > Keying > Alpha Adjust | H102: کلید و آلفا (ماتینگ)
A103: 102 | B103: Warp Stabilizer (Analysis) | C103: تثبیت‌کننده‌ی Warp (تحلیل) | D103: حذف لرزش دوربین روی دست با تحلیل خودکار حرکت. | E103: نقاط ویژگی در فریم‌ها ردیابی و مسیر حرکت دوربین تخمین زده می‌شود؛ مسیر صاف‌شده محاسبه و هر فریم با تبدیل هندسی به مسیر جدید برده می‌شود؛ پایه‌ی آن پژوهش ادوبی در تثبیت ویدیو ‪(Subspace Video Stabilization)‬ است. | F103: تثبیت و ترمیم تصویر | G103: Effects > Distort > Warp Stabilizer | H103: تخمین و ردیابی حرکت | I103: ✓
A104: 103 | B104: Warp Stabilizer (Method & Framing) | C104: روش و کادربندی تثبیت | D104: انتخاب نوع اصلاح (Position، Position/Scale/Rotation، Perspective، Subspace Warp) و نحوه‌ی پر کردن لبه‌ها (Crop، Auto-scale، Synthesize Edges). | E104: Subspace Warp به‌جای یک تبدیل کلی، تصویر را با یک مش تاب می‌دهد تا اعوجاج پارالاکس اصلاح شود؛ Synthesize Edges لبه‌های خالی را از فریم‌های قبل و بعد پر می‌کند؛ Rolling Shutter Ripple لرزش ژله‌ای سنسور را جبران می‌کند. | F104: تثبیت و ترمیم تصویر | G104: Warp Stabilizer > Advanced | H104: تخمین و ردیابی حرکت | I104: ✓
A105: 104 | B105: Rolling Shutter Repair | C105: ترمیم رولینگ شاتر | D105: اصلاح کج و ژله‌ای شدن تصویر در حرکت سریع دوربین‌های CMOS. | E105: سنسور ردیف‌ها را پشت‌سرهم می‌خواند؛ حرکت تخمین و با تاخیر زمانی هر ردیف جبران می‌شود تا تصویر صاف شود. | F105: تثبیت و ترمیم تصویر | G105: Effects > Distort > Rolling Shutter Repair | H105: تخمین و ردیابی حرکت | I105: ✓
A106: 105 | B106: Lens Distortion | C106: اعوجاج لنز | D106: حذف یا افزودن اعوجاج بشکه‌ای (مثلاً فیش‌آی دوربین‌های ورزشی). | E106: نگاشت شعاعی مختصات با ضریب Curvature و مرکز قابل‌جابه‌جایی؛ برای حذف اعوجاج، معکوس مدل لنز اعمال می‌شود. | F106: تثبیت و ترمیم تصویر | G106: Effects > Distort > Lens Distortion | H106: هندسی (نگاشت مختصات و درون‌یابی) | I106: ✓
A107: 106 | B107: Reduce Interlace Flicker | C107: کاهش لرزش درهم‌رفتگی | D107: کاهش لرزش خطوط افقی نازک در نمایش درهم‌رفته. | E107: محو عمودی خفیف بین ردیف‌های مجاور. | F107: تثبیت و ترمیم تصویر | G107: Effects > Blur & Sharpen > Reduce Interlace Flicker | H107: همسایگی مکانی (کانولوشن و فیلتر محلی) | I107: ✓
A108: 107 | B108: Lumetri Color | C108: لومتری کالر | D108: مجموعه‌ی کامل تصحیح و درجه‌بندی رنگ در یک جلوه با بخش‌های Basic، Creative، Curves، Color Wheels، HSL Secondary و Vignette. | E108: پردازش روی GPU با دقت ۳۲ بیت اعشاری و به ترتیب ثابت بخش‌ها انجام می‌شود؛ هر بخش در اصل یک تابع نقطه‌ای رنگ است که کل زنجیره را می‌توان در یک LUT سه‌بعدی خلاصه کرد. | F108: رنگ: لومتری (Lumetri) | G108: Window > Lumetri Color | H108: نقطه‌ای رنگ (هر پیکسل مستقل، LUT)
A109: 108 | B109: Input LUT | C109: LUT ورودی | D109: تبدیل فوتیج لاگ (مثل S-Log یا V-Log) به رنگ عادی قبل از بقیه‌ی تنظیمات. | E109: جدول جست‌وجوی سه‌بعدی هر رنگ ورودی را به رنگ خروجی نگاشت و رنگ‌های بین نقاط جدول را با درون‌یابی حساب می‌کند. | F109: رنگ: لومتری (Lumetri) | G109: Lumetri > Basic Correction > Input LUT | H109: نقطه‌ای رنگ (هر پیکسل مستقل، LUT) | I109: ✓
A110: 109 | B110: White Balance (Lumetri) | C110: تعادل سفیدی (لومتری) | D110: رفع ته‌رنگ با قطره‌چکان یا لغزنده‌های Temperature و Tint. | E110: ضرایب کانال‌ها طوری تنظیم می‌شوند که پیکسل نمونه خاکستری خنثی شود. | F110: رنگ: لومتری (Lumetri) | G110: Lumetri > Basic Correction | H110: نقطه‌ای رنگ (هر پیکسل مستقل، LUT) | I110: ✓
A111: 110 | B111: Tone (Lumetri) | C111: تُن: نوردهی، کنتراست، روشنی‌ها و سایه‌ها | D111: تنظیم Exposure، Contrast، Highlights، Shadows، Whites و Blacks. | E111: هر لغزنده بخشی از منحنی تُن را تغییر می‌دهد: Exposure ضرب مقادیر، Contrast منحنی S حول میانه، و Whites و Blacks دو سر منحنی. | F111: رنگ: لومتری (Lumetri) | G111: Lumetri > Basic Correction | H111: نقطه‌ای رنگ (هر پیکسل مستقل، LUT) | I111: ✓
A112: 111 | B112: Auto (Lumetri) | C112: تنظیم خودکار لومتری | D112: اصلاح خودکار نور و رنگ پایه با یک کلیک. | E112: مدل یادگیری ماشین ‪(Adobe Sensei)‬ فریم را تحلیل و مقادیر لغزنده‌های Basic را پیشنهاد می‌کند. | F112: رنگ: لومتری (Lumetri) | G112: Lumetri > Basic Correction > Auto | H112: هوش مصنوعی روی دستگاه | I112: ✓
A113: 112 | B113: Saturation (Lumetri) | C113: اشباع | D113: کم یا زیاد کردن شدت همه‌ی رنگ‌ها. | E113: فاصله‌ی رنگ هر پیکسل از محور خاکستری در یک ضریب ضرب می‌شود. | F113: رنگ: لومتری (Lumetri) | G113: Lumetri > Basic Correction | H113: نقطه‌ای رنگ (هر پیکسل مستقل، LUT)
A114: 113 | B114: Creative Look | C114: لوک خلاقانه | D114: اعمال لوک آماده‌ی سینمایی با قابلیت تنظیم شدت. | E114: یک LUT سه‌بعدی اعمال و با لغزنده‌ی Intensity با تصویر اصلی مخلوط می‌شود. | F114: رنگ: لومتری (Lumetri) | G114: Lumetri > Creative | H114: نقطه‌ای رنگ (هر پیکسل مستقل، LUT)
A115: 114 | B115: Faded Film | C115: فیلم رنگ‌پریده | D115: ظاهر فیلمی کهنه با سیاهی‌های شسته. | E115: پایین منحنی تُن بالا آورده می‌شود تا سیاه‌ترین مقدار به خاکستری تیره برسد و کنتراست کم شود. | F115: رنگ: لومتری (Lumetri) | G115: Lumetri > Creative | H115: نقطه‌ای رنگ (هر پیکسل مستقل، LUT)
A116: 115 | B116: Sharpen (Lumetri) | C116: شارپ (لومتری) | D116: افزایش وضوح لبه‌ها. | E116: شارپ از نوع ماسک غیرشارپ: اختلاف تصویر با نسخه‌ی محوش (یعنی لبه‌ها) به تصویر اضافه می‌شود. | F116: رنگ: لومتری (Lumetri) | G116: Lumetri > Creative | H116: همسایگی مکانی (کانولوشن و فیلتر محلی) | I116: ✓
A117: 116 | B117: Vibrance | C117: وایبرنس | D117: افزایش هوشمند اشباع با محافظت از رنگ پوست. | E117: ضریب اشباع برای رنگ‌های کم‌اشباع بیشتر و برای رنگ‌های پراشباع و فام پوست کمتر است. | F117: رنگ: لومتری (Lumetri) | G117: Lumetri > Creative | H117: نقطه‌ای رنگ (هر پیکسل مستقل، LUT)
A118: 117 | B118: Shadow & Highlight Tint | C118: رنگ‌دهی سایه و روشنی | D118: دادن رنگ جدا به سایه‌ها و روشنی‌ها (مثل ترکیب نارنجی و فیروزه‌ای سینمایی). | E118: جابه‌جایی رنگی با وزنی که تابع روشنایی پیکسل است؛ Tint Balance مرز این دو ناحیه را جابه‌جا می‌کند. | F118: رنگ: لومتری (Lumetri) | G118: Lumetri > Creative | H118: نقطه‌ای رنگ (هر پیکسل مستقل، LUT)
A119: 118 | B119: RGB Curves | C119: منحنی‌های RGB | D119: دقیق‌ترین کنترل روشنایی و رنگ با منحنی کلی و منحنی جدا برای هر کانال. | E119: از نقاط کنترلی یک منحنی نرم عبور داده و به جدول جست‌وجوی هر کانال تبدیل می‌شود. | F119: رنگ: لومتری (Lumetri) | G119: Lumetri > Curves | H119: نقطه‌ای رنگ (هر پیکسل مستقل، LUT) | I119: ✓
A120: 119 | B120: Hue Saturation Curves | C120: منحنی‌های فام و اشباع | D120: پنج منحنی Hue vs Sat، Hue vs Hue، Hue vs Luma، Luma vs Sat و Sat vs Sat برای تغییر هدفمند یک رنگ خاص. | E120: محور افقی ویژگی ورودی پیکسل (مثلاً فام) و محور عمودی مقدار تغییر است؛ برای هر پیکسل مقدار منحنی در همان نقطه خوانده و اعمال می‌شود. | F120: رنگ: لومتری (Lumetri) | G120: Lumetri > Curves | H120: نقطه‌ای رنگ (هر پیکسل مستقل، LUT)
A121: 120 | B121: Color Wheels | C121: چرخ‌های رنگ | D121: درجه‌بندی جدا برای سایه‌ها، میانه‌ها و روشنی‌ها با چرخ رنگ و لغزنده‌ی روشنایی. | E121: هر چرخ یک جابه‌جایی رنگ و روشنایی است که وزنش به محدوده‌ی تُن پیکسل بستگی دارد؛ شبیه مدل کلاسیک Lift، Gamma و Gain. | F121: رنگ: لومتری (Lumetri) | G121: Lumetri > Color Wheels & Match | H121: نقطه‌ای رنگ (هر پیکسل مستقل، LUT)
A122: 121 | B122: Color Match | C122: تطبیق رنگ | D122: هم‌رنگ کردن یک نما با نمای مرجع، با گزینه‌ی تشخیص چهره برای تطبیق رنگ پوست. | E122: آماره‌های رنگ دو فریم مقایسه و تنظیم‌های چرخ رنگ طوری پیشنهاد می‌شوند که نما شبیه مرجع شود؛ با Face Detection ناحیه‌ی چهره وزن بیشتری می‌گیرد. | F122: رنگ: لومتری (Lumetri) | G122: Lumetri > Color Wheels & Match > Apply Match | H122: هوش مصنوعی روی دستگاه | I122: ✓
A123: 122 | B123: HSL Secondary | C123: اصلاح ثانویه ‪(HSL)‬ | D123: انتخاب یک محدوده‌ی رنگ (مثلاً فقط پوست یا فقط آسمان) و تصحیح جداگانه‌ی آن. | E123: عضویت هر پیکسل در محدوده‌ی فام، اشباع و روشنایی به ماسک نرم تبدیل، با Denoise و Blur پالایش و سپس اصلاح رنگ فقط با وزن ماسک اعمال می‌شود. | F123: رنگ: لومتری (Lumetri) | G123: Lumetri > HSL Secondary | H123: نقطه‌ای رنگ (هر پیکسل مستقل، LUT)
A124: 123 | B124: Vignette | C124: وینیت | D124: تیره یا روشن کردن گوشه‌های کادر برای هدایت نگاه. | E124: ضریب روشنایی تابعی از فاصله تا مرکز کادر با پارامترهای Midpoint، Roundness و Feather است. | F124: رنگ: لومتری (Lumetri) | G124: Lumetri > Vignette | H124: نقطه‌ای رنگ (هر پیکسل مستقل، LUT)
A125: 124 | B125: Comparison View | C125: نمای مقایسه | D125: مقایسه‌ی کنار هم یا تقسیم‌شده‌ی نما با مرجع یا با نسخه‌ی قبل از اصلاح. | E125: دو فریم هم‌زمان در مانیتور برنامه نمایش داده می‌شوند. | F125: رنگ: لومتری (Lumetri) | G125: Program Monitor > Comparison View | H125: مدیریتی، رابط و جریان کار
A126: 125 | B126: Multiple Lumetri Instances & Presets | C126: چند لومتری و پریست‌ها | D126: اعمال چند لومتری جدا (مثلاً یکی برای اصلاح فنی و یکی برای لوک) و ذخیره‌ی تنظیمات به‌صورت پریست. | E126: جلوه‌ها به ترتیب پشته اجرا می‌شوند و خروجی هر لومتری ورودی لومتری بعدی است. | F126: رنگ: لومتری (Lumetri) | G126: Lumetri > منوی پنل | H126: مدیریتی، رابط و جریان کار
A127: 126 | B127: Export LUT | C127: خروجی LUT | D127: ذخیره‌ی درجه‌بندی به‌صورت فایل ‎.cube‎ برای استفاده در نرم‌افزارها و دوربین‌های دیگر. | E127: رنگ‌های یک شبکه‌ی سه‌بعدی (مثلاً ۳۳×۳۳×۳۳) از زنجیره‌ی تنظیمات عبور داده و نتیجه‌ها جدول می‌شوند. | F127: رنگ: لومتری (Lumetri) | G127: Lumetri > منوی پنل > Export .cube | H127: نقطه‌ای رنگ (هر پیکسل مستقل، LUT)
A128: 127 | B128: Color Management | C128: مدیریت رنگ | D128: تشخیص خودکار فوتیج لاگ و RAW، تبدیل به فضای کاری وسیع و تُن‌مپینگ به فضای خروجی (مثل Rec.709). | E128: هر کلیپ از فضای رنگی منبعش به فضای کاری سکانس و در آخر به فضای خروجی تبدیل می‌شود؛ تُن‌مپینگ روشنایی‌های بیرون از محدوده‌ی خروجی را به‌جای بریدن، نرم فشرده می‌کند. | F128: رنگ: مدیریت رنگ، HDR و حالت رنگ | G128: Sequence Settings > Color · Preferences > Color | H128: مدیریت رنگ و HDR | I128: ✓
A129: 128 | B129: Clip Color Space Override | C129: تغییر فضای رنگی کلیپ | D129: اصلاح تشخیص اشتباه فضای رنگی یا لاگ یک کلیپ. | E129: متادیتای فضای رنگی کلیپ بازنویسی می‌شود تا تبدیل‌ها با فرض درست انجام شوند. | F129: رنگ: مدیریت رنگ، HDR و حالت رنگ | G129: Clip > Modify > Color | H129: مدیریت رنگ و HDR
A130: 129 | B130: HDR Workflow | C130: کار با HDR | D130: تدوین و خروجی ویدیوی HDR با استانداردهای Rec.2100 PQ و HLG و نمایش HDR در ویندوز ‪(DirectX HDR)‬. | E130: روشنایی به‌صورت اعشاری و فراتر از سفید SDR نگه داشته و با توابع انتقال PQ یا HLG کدگذاری می‌شود؛ متادیتای HDR در خروجی درج می‌شود. | F130: رنگ: مدیریت رنگ، HDR و حالت رنگ | G130: Sequence Settings > Color · Export | H130: مدیریت رنگ و HDR
A131: 130 | B131: Display Color Management | C131: مدیریت رنگ نمایشگر | D131: نمایش دقیق رنگ روی مانیتور با توجه به پروفایل آن. | E131: تصویر نمایشی با پروفایل ICC مانیتور تبدیل می‌شود تا رنگ واقعی سکانس دیده شود. | F131: رنگ: مدیریت رنگ، HDR و حالت رنگ | G131: Preferences > Color | H131: مدیریت رنگ و HDR
A132: 131 | B132: Color Mode (Beta) | C132: حالت رنگ (بتا) | D132: محیط جدید درجه‌بندی با تمرکز روی تصویر، پنل Color Controls، شبکه‌ی کلیپ‌ها ‪(Clip Grid)‬ و نمایشگرهای روی تصویر ‪(HUD)‬ (از ۲۶.۲). | E132: درجه‌بندی به‌صورت «عملیات» لایه‌لایه ذخیره می‌شود و در سه سطح کلیپ، گروه و کل سکانس به ترتیب روی هم اعمال می‌شود. | F132: رنگ: مدیریت رنگ، HDR و حالت رنگ | G132: سوییچ Color Mode | H132: نقطه‌ای رنگ (هر پیکسل مستقل، LUT)
A133: 132 | B133: Color Controls: Adjust & Style | C133: کنترل‌های رنگ: تنظیم و سبک | D133: ابزارهای مدرن اصلاح پایه ‪(Adjust)‬ و ماژول‌های سبک و لوک ‪(Style)‬ در حالت رنگ. | E133: Adjust اصلاح فنی نور و رنگ را انجام می‌دهد و ماژول‌های Style تبدیل‌های رنگی خلاقانه را روی نتیجه اعمال می‌کنند. | F133: رنگ: مدیریت رنگ، HDR و حالت رنگ | G133: Color Mode > Color Controls | H133: نقطه‌ای رنگ (هر پیکسل مستقل، LUT)
A134: 133 | B134: Grade Management & Groups | C134: مدیریت درجه‌بندی و گروه‌ها | D134: کپی و چسباندن درجه‌بندی، گروه‌های سفارشی کلیپ‌ها و اصلاح موضعی با ماسک در حالت رنگ. | E134: هر عملیات گروه یک بار تعریف و به همه‌ی کلیپ‌های عضو اعمال می‌شود؛ ماسک وزن اعمال عملیات را در هر پیکسل تعیین می‌کند. | F134: رنگ: مدیریت رنگ، HDR و حالت رنگ | G134: Color Mode > Clip Grid | H134: مدیریتی، رابط و جریان کار
A135: 134 | B135: Waveform | C135: موج‌نما ‪(Waveform)‬ | D135: اندازه‌گیری دقیق روشنایی در عرض کادر (RGB، Luma، YC)؛ برای جلوگیری از سوختگی و تنظیم نوردهی. | E135: برای هر ستون تصویر، روشنایی همه‌ی پیکسل‌های آن ستون به‌صورت نقطه روی محور عمودی (۰ تا ۱۰۰ IRE) رسم می‌شود. | F135: اسکوپ‌ها و اندازه‌گیری | G135: Window > Lumetri Scopes | H135: مدیریتی، رابط و جریان کار
A136: 135 | B136: Vectorscope | C136: برداری‌نما ‪(Vectorscope)‬ | D136: اندازه‌گیری فام و اشباع؛ خط رنگ پوست برای تنظیم دقیق پوست. | E136: هر پیکسل با دو مؤلفه‌ی رنگی (Cb و Cr) در مختصات قطبی رسم می‌شود: زاویه = فام و فاصله از مرکز = اشباع. | F136: اسکوپ‌ها و اندازه‌گیری | G136: Lumetri Scopes > Vectorscope | H136: مدیریتی، رابط و جریان کار
A137: 136 | B137: RGB Parade | C137: رژه‌ی RGB | D137: مقایسه‌ی کنار هم سه کانال برای تشخیص ته‌رنگ. | E137: سه موج‌نمای جدا برای R، G و B کنار هم رسم می‌شوند؛ جسم خنثی در هر سه ارتفاع یکسان دارد. | F137: اسکوپ‌ها و اندازه‌گیری | G137: Lumetri Scopes > Parade | H137: مدیریتی، رابط و جریان کار
A138: 137 | B138: Histogram (Scopes) | C138: هیستوگرام | D138: توزیع روشنایی و کانال‌ها برای بررسی دامنه‌ی تُن. | E138: تعداد پیکسل‌ها در هر سطح روشنایی شمارش و رسم می‌شود. | F138: اسکوپ‌ها و اندازه‌گیری | G138: Lumetri Scopes > Histogram | H138: مدیریتی، رابط و جریان کار
A139: 138 | B139: Extract | C139: استخراج ‪(Extract)‬ | D139: تبدیل تصویر به سیاه‌وسفید مطلق در یک محدوده‌ی روشنایی. | E139: پیکسل‌های داخل محدوده‌ی روشنایی سفید و بقیه سیاه می‌شوند، با نرمی قابل‌تنظیم. | F139: جلوه‌ی ویدیویی: تنظیم و رنگ | G139: Effects > Adjust > Extract | H139: نقطه‌ای رنگ (هر پیکسل مستقل، LUT)
A140: 139 | B140: Levels (effect) | C140: سطوح (جلوه) | D140: تنظیم نقطه‌ی سیاه، سفید و گامای هر کانال. | E140: out = ((in − black) ÷ ‪(white − black))^(1/gamma‬)، به‌صورت جدول جست‌وجو برای هر کانال. | F140: جلوه‌ی ویدیویی: تنظیم و رنگ | G140: Effects > Adjust > Levels | H140: نقطه‌ای رنگ (هر پیکسل مستقل، LUT) | I140: ✓
A141: 140 | B141: Lighting Effects | C141: جلوه‌های نورپردازی | D141: نورپردازی مجازی با تا پنج نور و بافت برجسته. | E141: از یک کانال به‌عنوان نقشه‌ی ارتفاع، نرمال سطح حساب و با مدل سایه‌زنی پخشی و براق روشنایی هر پیکسل محاسبه می‌شود. | F141: جلوه‌ی ویدیویی: تنظیم و رنگ | G141: Effects > Adjust > Lighting Effects | H141: همسایگی مکانی (کانولوشن و فیلتر محلی)
A142: 141 | B142: ProcAmp | C142: پراک‌امپ | D142: تنظیم روشنایی، کنتراست، فام و اشباع مثل دستگاه‌های پخش تلویزیونی. | E142: عملیات نقطه‌ای در فضای YUV: جمع روی روشنایی، ضرب کنتراست، چرخش فام و ضرب اشباع. | F142: جلوه‌ی ویدیویی: تنظیم و رنگ | G142: Effects > Adjust > ProcAmp | H142: نقطه‌ای رنگ (هر پیکسل مستقل، LUT)
A143: 142 | B143: Brightness & Contrast | C143: روشنایی و کنتراست | D143: تنظیم ساده‌ی روشنایی و کنتراست کل تصویر. | E143: عملیات نقطه‌ای خطی: جمع برای روشنایی و ضرب حول میانه برای کنتراست. | F143: جلوه‌ی ویدیویی: تنظیم و رنگ | G143: Effects > Color Correction | H143: نقطه‌ای رنگ (هر پیکسل مستقل، LUT) | I143: ✓
A144: 143 | B144: Tint | C144: رنگ‌دهی ‪(Tint)‬ | D144: نگاشت تصویر به دو رنگ (سیاه به یک رنگ و سفید به رنگ دیگر). | E144: روشنایی هر پیکسل بین دو رنگ انتخابی درون‌یابی و با Amount با تصویر مخلوط می‌شود. | F144: جلوه‌ی ویدیویی: تنظیم و رنگ | G144: Effects > Color Correction > Tint | H144: نقطه‌ای رنگ (هر پیکسل مستقل، LUT)
A145: 144 | B145: Change Color / Change to Color | C145: تغییر رنگ | D145: عوض کردن یک رنگ خاص در ویدیو (مثلاً رنگ لباس). | E145: پیکسل‌هایی که در محدوده‌ی فام، روشنایی و اشباع رنگ هدف‌اند انتخاب و فامشان جابه‌جا یا به رنگ مقصد تبدیل می‌شود. | F145: جلوه‌ی ویدیویی: تنظیم و رنگ | G145: Effects > Color Correction | H145: نقطه‌ای رنگ (هر پیکسل مستقل، LUT)
A146: 145 | B146: Leave Color | C146: نگه داشتن رنگ | D146: سیاه‌وسفید کردن همه‌چیز جز یک رنگ (جلوه‌ی رنگ انتخابی). | E146: اشباع همه‌ی پیکسل‌ها جز آن‌هایی که به رنگ هدف نزدیک‌اند (با Tolerance و Edge Softness) کم می‌شود. | F146: جلوه‌ی ویدیویی: تنظیم و رنگ | G146: Effects > Color Correction > Leave Color | H146: نقطه‌ای رنگ (هر پیکسل مستقل، LUT)
A147: 146 | B147: Video Limiter | C147: محدودکننده‌ی ویدیو | D147: محدود کردن روشنایی و رنگ به محدوده‌ی مجاز پخش تلویزیونی ‪(Broadcast Safe)‬. | E147: مقادیر بیرون از محدوده با برش نرم یا فشرده‌سازی به داخل محدوده‌ی مجاز برگردانده می‌شوند. | F147: جلوه‌ی ویدیویی: تنظیم و رنگ | G147: Effects > Color Correction > Video Limiter | H147: نقطه‌ای رنگ (هر پیکسل مستقل، LUT) | I147: ✓
A148: 147 | B148: Channel Mixer (effect) | C148: میکسر کانال | D148: ساخت هر کانال از ترکیب کانال‌ها؛ برای سیاه‌وسفید خاص و جلوه‌های رنگی. | E148: ضرب ماتریس ۳×۳ به‌علاوه‌ی مقدار ثابت روی مقادیر RGB. | F148: جلوه‌ی ویدیویی: تنظیم و رنگ | G148: Effects > Color Correction > Channel Mixer | H148: نقطه‌ای رنگ (هر پیکسل مستقل، LUT)
A149: 148 | B149: ASC CDL | C149: ASC CDL | D149: اصلاح رنگ استاندارد صنعت فیلم (Slope، Offset، Power، Saturation) برای تبادل با نرم‌افزارهای دیگر. | E149: فرمول استاندارد برای هر کانال: ‪out = (in × slope + offset)^power‬ و سپس اعمال اشباع. | F149: جلوه‌ی ویدیویی: تنظیم و رنگ | G149: Effects > Color Correction > ASC CDL | H149: نقطه‌ای رنگ (هر پیکسل مستقل، LUT)
A150: 149 | B150: Black & White (effect) | C150: سیاه‌وسفید | D150: تبدیل سریع به سیاه‌وسفید. | E150: روشنایی وزن‌دار کانال‌ها جایگزین هر سه کانال می‌شود. | F150: جلوه‌ی ویدیویی: تنظیم و رنگ | G150: Effects > Image Control > Black & White | H150: نقطه‌ای رنگ (هر پیکسل مستقل، LUT)
A151: 150 | B151: Color Pass / Color Replace | C151: عبور رنگ و جایگزینی رنگ | D151: نگه داشتن یک رنگ و خاکستری کردن بقیه، یا جایگزینی یک رنگ با رنگ دیگر. | E151: فاصله‌ی رنگی هر پیکسل از رنگ نمونه با Similarity مقایسه و بر اساس آن اشباع حذف یا رنگ جایگزین می‌شود. | F151: جلوه‌ی ویدیویی: تنظیم و رنگ | G151: Effects > Image Control | H151: نقطه‌ای رنگ (هر پیکسل مستقل، LUT)
A152: 151 | B152: Gamma Correction | C152: اصلاح گاما | D152: روشن یا تیره کردن میانه‌ها بدون تغییر سیاه و سفید. | E152: ‪out = in^(1/gamma)‬. | F152: جلوه‌ی ویدیویی: تنظیم و رنگ | G152: Effects > Image Control > Gamma Correction | H152: نقطه‌ای رنگ (هر پیکسل مستقل، LUT) | I152: ✓
A153: 152 | B153: Invert (effect) | C153: وارونه | D153: نگاتیو کردن کانال‌های رنگ یا کانال آلفا. | E153: out = max − v برای کانال انتخاب‌شده (RGB، YIQ، HLS یا آلفا). | F153: جلوه‌ی ویدیویی: تنظیم و رنگ | G153: Effects > Image Control > Invert | H153: نقطه‌ای رنگ (هر پیکسل مستقل، LUT)
A154: 153 | B154: Gaussian Blur (effect) | C154: محو گاوسی | D154: محو نرم برای پس‌زمینه، پنهان کردن جزئیات یا جلوه‌ی رؤیایی. | E154: کانولوشن با کرنل گاوسی جدایی‌پذیر (یک بار افقی و یک بار عمودی) روی GPU؛ Repeat Edge Pixels از تیره شدن لبه‌ها جلوگیری می‌کند. | F154: جلوه‌ی ویدیویی: محو و شارپ | G154: Effects > Blur & Sharpen > Gaussian Blur | H154: همسایگی مکانی (کانولوشن و فیلتر محلی)
A155: 154 | B155: Channel Blur | C155: محو کانال (جدید) | D155: محو جداگانه‌ی کانال‌های رنگ یا آلفا برای جلوه‌های خلاقانه (۲۶.۲). | E155: محو گاوسی با شعاع جدا برای هر کانال R، G، B یا آلفا. | F155: جلوه‌ی ویدیویی: محو و شارپ | G155: Effects > Blur & Sharpen > Channel Blur | H155: همسایگی مکانی (کانولوشن و فیلتر محلی)
A156: 155 | B156: Bokeh Blur | C156: محو بوکه (مدرن) | D156: محو پس‌زمینه با دایره‌های نورانی بوکه شبیه لنز واقعی. | E156: کرنل به شکل دیافراگم لنز، همراه با تقویت نقاط روشن پیش از محو تا نورها به دایره‌های درخشان تبدیل شوند. | F156: جلوه‌ی ویدیویی: محو و شارپ | G156: Effects (جست‌وجوی Bokeh Blur) | H156: همسایگی مکانی (کانولوشن و فیلتر محلی)
A157: 156 | B157: Directional Blur | C157: محو جهت‌دار | D157: محو در یک جهت برای حس سرعت. | E157: کانولوشن با کرنل خطی در زاویه‌ی مشخص. | F157: جلوه‌ی ویدیویی: محو و شارپ | G157: Effects (جست‌وجوی Directional Blur) | H157: همسایگی مکانی (کانولوشن و فیلتر محلی)
A158: 157 | B158: Sharpen (effect) | C158: شارپ | D158: افزایش ساده‌ی کنتراست لبه‌ها. | E158: کانولوشن با کرنل شارپ‌کننده (وزن مرکزی مثبت و همسایه‌های منفی). | F158: جلوه‌ی ویدیویی: محو و شارپ | G158: Effects > Blur & Sharpen > Sharpen | H158: همسایگی مکانی (کانولوشن و فیلتر محلی) | I158: ✓
A159: 158 | B159: Unsharp Mask (effect) | C159: ماسک غیرشارپ | D159: شارپ کنترل‌پذیر با Amount، Radius و Threshold. | E159: ‪out = in + amount × (in − blur(in, radius))‬، فقط جایی که اختلاف از Threshold بیشتر است. | F159: جلوه‌ی ویدیویی: محو و شارپ | G159: Effects > Blur & Sharpen > Unsharp Mask | H159: همسایگی مکانی (کانولوشن و فیلتر محلی) | I159: ✓
A160: 159 | B160: Corner Pin | C160: سنجاق گوشه‌ها | D160: نشاندن ویدیو روی صفحه‌ی مانیتور، تابلو یا گوشی با جابه‌جا کردن چهار گوشه. | E160: از چهار گوشه یک هموگرافی (تبدیل پرسپکتیو ۸ پارامتری) حساب و هر پیکسل با آن نگاشت و درون‌یابی می‌شود. | F160: جلوه‌ی ویدیویی: اعوجاج و تبدیل | G160: Effects > Distort > Corner Pin | H160: هندسی (نگاشت مختصات و درون‌یابی)
A161: 160 | B161: Magnify | C161: ذره‌بین (جدید) | D161: بزرگ‌نمایی یک بخش از تصویر با لنز قابل‌تنظیم (زوم، شکل، حاشیه، سایه، نرمی لبه، اعوجاج لنز) و دکمه‌ی Surprise Me (۲۶.۳). | E161: داخل ناحیه‌ی لنز، مختصات به سمت مرکز فشرده (بزرگ‌نمایی) و با درون‌یابی نمونه‌برداری می‌شود؛ اعوجاج شعاعی لبه‌ی لنز را طبیعی می‌کند. | F161: جلوه‌ی ویدیویی: اعوجاج و تبدیل | G161: Effects > Distort > Magnify | H161: هندسی (نگاشت مختصات و درون‌یابی)
A162: 161 | B162: Mirror | C162: آینه | D162: بازتاب تصویر حول یک خط با زاویه‌ی دلخواه. | E162: پیکسل‌های یک طرف خط بازتاب با قرینه‌ی مختصات جایگزین طرف دیگر می‌شوند. | F162: جلوه‌ی ویدیویی: اعوجاج و تبدیل | G162: Effects > Distort > Mirror | H162: هندسی (نگاشت مختصات و درون‌یابی)
A163: 162 | B163: Offset | C163: جابه‌جایی چرخشی | D163: جابه‌جایی تصویر با پیچیدن لبه‌ها (مثلاً برای حرکت بی‌انتهای پس‌زمینه). | E163: انتقال مختصات به پیمانه‌ی ابعاد کادر ‪(Wrap Around)‬. | F163: جلوه‌ی ویدیویی: اعوجاج و تبدیل | G163: Effects > Transform > Offset | H163: هندسی (نگاشت مختصات و درون‌یابی)
A164: 163 | B164: Spherize | C164: کروی کردن | D164: برآمده کردن ناحیه‌ای از تصویر مثل کره. | E164: نگاشت مختصات بر اساس سطح یک کره در شعاع داده‌شده. | F164: جلوه‌ی ویدیویی: اعوجاج و تبدیل | G164: Effects > Distort > Spherize | H164: هندسی (نگاشت مختصات و درون‌یابی)
A165: 164 | B165: Turbulent Displace | C165: جابه‌جایی آشفته | D165: موج‌دار کردن تصویر (مثل پرچم، دود یا آب). | E165: مختصات هر پیکسل بر اساس نویز فرکتالی متحرک جابه‌جا می‌شود. | F165: جلوه‌ی ویدیویی: اعوجاج و تبدیل | G165: Effects > Distort > Turbulent Displace | H165: هندسی (نگاشت مختصات و درون‌یابی)
A166: 165 | B166: Twirl (effect) | C166: گردباد | D166: چرخاندن تصویر حول مرکز؛ در ۲۶.۵ کنترل دقیق‌تر شده است. | E166: زاویه‌ی چرخش هر پیکسل تابعی از فاصله‌اش تا مرکز است. | F166: جلوه‌ی ویدیویی: اعوجاج و تبدیل | G166: Effects > Distort > Twirl | H166: هندسی (نگاشت مختصات و درون‌یابی)
A167: 166 | B167: Wave Warp | C167: تاب موجی | D167: موج‌های منظم سینوسی، مثلثی یا مربعی. | E167: جابه‌جایی مختصات با تابع موج با ارتفاع، عرض و سرعت قابل‌تنظیم. | F167: جلوه‌ی ویدیویی: اعوجاج و تبدیل | G167: Effects > Distort > Wave Warp | H167: هندسی (نگاشت مختصات و درون‌یابی)
A168: 167 | B168: Horizontal & Vertical Flip | C168: قرینه‌ی افقی و عمودی | D168: آینه کردن کل کادر. | E168: جابه‌جایی دقیق ترتیب پیکسل‌ها بدون درون‌یابی. | F168: جلوه‌ی ویدیویی: اعوجاج و تبدیل | G168: Effects > Transform | H168: هندسی (نگاشت مختصات و درون‌یابی)
A169: 168 | B169: Edge Feather | C169: نرمی لبه‌ها | D169: نرم و محو کردن لبه‌های کادر. | E169: آلفای لبه‌ها با فاصله از لبه به‌تدریج کم می‌شود. | F169: جلوه‌ی ویدیویی: اعوجاج و تبدیل | G169: Effects > Transform > Edge Feather | H169: ترکیب لایه و شفافیت
A170: 169 | B170: Basic 3D | C170: سه‌بعدی ساده | D170: چرخاندن کلیپ در فضای سه‌بعدی (چرخش و کج شدن حول محورها). | E170: تبدیل پرسپکتیو یک صفحه‌ی سه‌بعدی (ماتریس چرخش + تصویرسازی پرسپکتیو) با درون‌یابی پیکسل‌ها. | F170: جلوه‌ی ویدیویی: اعوجاج و تبدیل | G170: Effects > Perspective > Basic 3D | H170: هندسی (نگاشت مختصات و درون‌یابی)
A171: 170 | B171: Drop Shadow (effect) | C171: سایه‌ی افتاده | D171: سایه‌ی پشت کلیپ یا متن. | E171: آلفا جابه‌جا، محو و رنگ‌آمیزی و زیر کلیپ ترکیب می‌شود. | F171: جلوه‌ی ویدیویی: اعوجاج و تبدیل | G171: Effects > Perspective > Drop Shadow | H171: ترکیب لایه و شفافیت
... A242: 241 | B242: Audio Waveforms | C242: شکل موج صدا | D242: نمایش شکل موج در تایم‌لاین و (از ۲۶.۲) در مانیتور منبع برای برش دقیق. | E242: قله‌های دامنه برای بازه‌های کوتاه از قبل محاسبه (فایل‌های PEK) و به‌صورت منحنی رسم می‌شوند؛ حالت Rectified قدرمطلق دامنه را نشان می‌دهد. | F242: صدا: پایه و میکس | G242: تایم‌لاین · Source Monitor | H242: مدیریتی، رابط و جریان کار
A243: 242 | B243: Audio Gain & Normalize | C243: گین و نرمال‌سازی | D243: بالا بردن سطح صدای کلیپ یا رساندن قله‌ی آن به مقدار مشخص (مثلاً ‎−۳ dBFS‎). | E243: همه‌ی نمونه‌ها در یک ضریب ضرب می‌شوند؛ نرمال‌سازی قله ضریب را از بزرگ‌ترین نمونه‌ی کلیپ حساب می‌کند. | F243: صدا: پایه و میکس | G243: Clip > Audio Options > Audio Gain · کلید G | H243: پردازش سیگنال صوتی (DSP) | I243: ✓
A244: 243 | B244: Volume Keyframes | C244: کی‌فریم حجم صدا | D244: بالا و پایین بردن صدا در طول زمان با نقطه‌ها روی خط حجم. | E244: بهره ‪(dB)‬ بین کی‌فریم‌ها درون‌یابی و هر نمونه‌ی صدا در ضریب خطی متناظر ضرب می‌شود. | F244: صدا: پایه و میکس | G244: Ctrl+کلیک روی خط حجم کلیپ | H244: پردازش سیگنال صوتی (DSP)
...

Sheet خلاصه
A1: خلاصه‌ی پایگاه داده‌ی قابلیت‌های پریمیر
A2: همه‌ی اعداد این برگه با فرمول از برگه‌ی «قابلیت‌ها» شمرده می‌شوند و با تغییر داده‌ها خودکار به‌روز می‌شوند.
A4: دسته | B4: تعداد قابلیت‌ها | C4: قابلیت‌های ارتقای کیفیت (✓)
A5: پروژه و مدیریت رسانه | B5: =COUNTIF('قابلیت‌ها'!$F$2:$F$368,A5) -> 28 | C5: =COUNTIFS('قابلیت‌ها'!$F$2:$F$368,A5,'قابلیت‌ها'!$I$2:$I$368,"✓") -> 0
A6: سکانس و تنظیمات پایه | B6: =COUNTIF('قابلیت‌ها'!$F$2:$F$368,A6) -> 10 | C6: =COUNTIFS('قابلیت‌ها'!$F$2:$F$368,A6,'قابلیت‌ها'!$I$2:$I$368,"✓") -> 0
A7: تدوین و تایم‌لاین | B7: =COUNTIF('قابلیت‌ها'!$F$2:$F$368,A7) -> 33 | C7: =COUNTIFS('قابلیت‌ها'!$F$2:$F$368,A7,'قابلیت‌ها'!$I$2:$I$368,"✓") -> 0
A8: سرعت و زمان | B8: =COUNTIF('قابلیت‌ها'!$F$2:$F$368,A8) -> 9 | C8: =COUNTIFS('قابلیت‌ها'!$F$2:$F$368,A8,'قابلیت‌ها'!$I$2:$I$368,"✓") -> 1
A9: حرکت، کی‌فریم و ماسک | B9: =COUNTIF('قابلیت‌ها'!$F$2:$F$368,A9) -> 16 | C9: =COUNTIFS('قابلیت‌ها'!$F$2:$F$368,A9,'قابلیت‌ها'!$I$2:$I$368,"✓") -> 0
A10: کلید و ترکیب | B10: =COUNTIF('قابلیت‌ها'!$F$2:$F$368,A10) -> 5 | C10: =COUNTIFS('قابلیت‌ها'!$F$2:$F$368,A10,'قابلیت‌ها'!$I$2:$I$368,"✓") -> 0
A11: تثبیت و ترمیم تصویر | B11: =COUNTIF('قابلیت‌ها'!$F$2:$F$368,A11) -> 5 | C11: =COUNTIFS('قابلیت‌ها'!$F$2:$F$368,A11,'قابلیت‌ها'!$I$2:$I$368,"✓") -> 5
A12: رنگ: لومتری (Lumetri) | B12: =COUNTIF('قابلیت‌ها'!$F$2:$F$368,A12) -> 20 | C12: =COUNTIFS('قابلیت‌ها'!$F$2:$F$368,A12,'قابلیت‌ها'!$I$2:$I$368,"✓") -> 7
A13: رنگ: مدیریت رنگ، HDR و حالت رنگ | B13: =COUNTIF('قابلیت‌ها'!$F$2:$F$368,A13) -> 7 | C13: =COUNTIFS('قابلیت‌ها'!$F$2:$F$368,A13,'قابلیت‌ها'!$I$2:$I$368,"✓") -> 1
A14: اسکوپ‌ها و اندازه‌گیری | B14: =COUNTIF('قابلیت‌ها'!$F$2:$F$368,A14) -> 4 | C14: =COUNTIFS('قابلیت‌ها'!$F$2:$F$368,A14,'قابلیت‌ها'!$I$2:$I$368,"✓") -> 0
A15: جلوه‌ی ویدیویی: تنظیم و رنگ | B15: =COUNTIF('قابلیت‌ها'!$F$2:$F$368,A15) -> 15 | C15: =COUNTIFS('قابلیت‌ها'!$F$2:$F$368,A15,'قابلیت‌ها'!$I$2:$I$368,"✓") -> 4
A16: جلوه‌ی ویدیویی: محو و شارپ | B16: =COUNTIF('قابلیت‌ها'!$F$2:$F$368,A16) -> 6 | C16: =COUNTIFS('قابلیت‌ها'!$F$2:$F$368,A16,'قابلیت‌ها'!$I$2:$I$368,"✓") -> 2
... A31: تکنیک‌های ترکیبی | B31: =COUNTIF('قابلیت‌ها'!$F$2:$F$368,A31) -> 8 | C31: =COUNTIFS('قابلیت‌ها'!$F$2:$F$368,A31,'قابلیت‌ها'!$I$2:$I$368,"✓") -> 1
A32: جمع | B32: =SUM(B5:B31) -> 367 | C32: =SUM(C5:C31) -> 47
A33: کنترل: تعداد کل ردیف‌های برگه‌ی قابلیت‌ها | B33: =COUNTA('قابلیت‌ها'!$B$2:$B$368) -> 367
A35: نوع پردازش | B35: تعداد قابلیت‌ها | C35: سهم از کل | D35: این نوع پردازش یعنی چه؟
A36: نقطه‌ای رنگ (هر پیکسل مستقل، LUT) | B36: =COUNTIF('قابلیت‌ها'!$H$2:$H$368,A36) -> 51 | C36: =IF($B$32=0,0,B36/$B$32) -> 0.13896458 | D36: رنگ جدید هر پیکسل فقط به رنگ قبلی همان پیکسل بستگی دارد؛ با جدول ازپیش‌حساب‌شده یا روی GPU برای همه‌ی پیکسل‌های هر فریم اجرا می‌شود.
A37: همسایگی مکانی (کانولوشن و فیلتر محلی) | B37: =COUNTIF('قابلیت‌ها'!$H$2:$H$368,A37) -> 28 | C37: =IF($B$32=0,0,B37/$B$32) -> 0.076294278 | D37: رنگ هر پیکسل از خودش و همسایه‌هایش در همان فریم حساب می‌شود: محو، شارپ، لبه‌یابی و سبک‌دهی.
A38: هندسی (نگاشت مختصات و درون‌یابی) | B38: =COUNTIF('قابلیت‌ها'!$H$2:$H$368,A38) -> 35 | C38: =IF($B$32=0,0,B38/$B$32) -> 0.095367847 | D38: پیکسل‌ها جابه‌جا می‌شوند؛ برای هر پیکسل خروجی مختصات مبدأ حساب و رنگش با درون‌یابی تخمین زده می‌شود.
A39: زمانی (بین فریم‌ها) | B39: =COUNTIF('قابلیت‌ها'!$H$2:$H$368,A39) -> 15 | C39: =IF($B$32=0,0,B39/$B$32) -> 0.040871935 | D39: خروجی هر فریم از فریم‌های دیگر ساخته می‌شود: تغییر سرعت، ترکیب فریم، تکرار یا حذف فریم.
A40: تخمین و ردیابی حرکت | B40: =COUNTIF('قابلیت‌ها'!$H$2:$H$368,A40) -> 6 | C40: =IF($B$32=0,0,B40/$B$32) -> 0.016348774 | D40: حرکت پیکسل‌ها یا نقاط ویژگی بین فریم‌ها تخمین زده می‌شود: جریان نوری، ردیابی ماسک و تثبیت تصویر.
A41: کلید و آلفا (ماتینگ) | B41: =COUNTIF('قابلیت‌ها'!$H$2:$H$368,A41) -> 6 | C41: =IF($B$32=0,0,B41/$B$32) -> 0.016348774 | D41: برای هر پیکسل میزان شفافیت (آلفا) از رنگ، روشنایی یا لایه‌ی دیگر محاسبه می‌شود.
A42: ترکیب لایه و شفافیت | B42: =COUNTIF('قابلیت‌ها'!$H$2:$H$368,A42) -> 22 | C42: =IF($B$32=0,0,B42/$B$32) -> 0.059945504 | D42: ترک‌ها و لایه‌ها با آلفا، ماسک و فرمول حالت ترکیب روی هم ترکیب می‌شوند؛ ترنزیشن‌های ماسکی هم در این گروه‌اند.
A43: تدوین غیرمخرب (ارجاع به رسانه) | B43: =COUNTIF('قابلیت‌ها'!$H$2:$H$368,A43) -> 20 | C43: =IF($B$32=0,0,B43/$B$32) -> 0.054495913 | D43: فقط ساختار داده‌ی تایم‌لاین (ارجاع به فایل، نقطه‌ی ورود و خروج، جایگاه) تغییر می‌کند و فایل اصلی دست نمی‌خورد.
A44: پردازش سیگنال صوتی (DSP) | B44: =COUNTIF('قابلیت‌ها'!$H$2:$H$368,A44) -> 53 | C44: =IF($B$32=0,0,B44/$B$32) -> 0.14441417 | D44: عملیات روی نمونه‌های صدا در حوزه‌ی زمان (بهره، تأخیر، فشرده‌سازی) یا حوزه‌ی فرکانس (FFT و فیلترها).
A45: برداری و گرافیک | B45: =COUNTIF('قابلیت‌ها'!$H$2:$H$368,A45) -> 8 | C45: =IF($B$32=0,0,B45/$B$32) -> 0.021798365 | D45: شکل و متن با معادله‌ی منحنی‌ها ذخیره و در هر اندازه بدون افت کیفیت پیکسلی می‌شوند.
A46: هوش مصنوعی روی دستگاه | B46: =COUNTIF('قابلیت‌ها'!$H$2:$H$368,A46) -> 17 | C46: =IF($B$32=0,0,B46/$B$32) -> 0.046321526 | D46: شبکه‌ی عصبی آموزش‌دیده که روی کارت گرافیک یا پردازنده‌ی خود سیستم اجرا می‌شود.
A47: هوش مصنوعی (دستگاه یا ابر) | B47: =COUNTIF('قابلیت‌ها'!$H$2:$H$368,A47) -> 3 | C47: =IF($B$32=0,0,B47/$B$32) -> 0.0081743869 | D47: شبکه‌ی عصبی که بسته به قابلیت و تنظیمات، روی سیستم یا روی سرورهای ادوبی اجرا می‌شود.
... A53: مدیریتی، رابط و جریان کار | B53: =COUNTIF('قابلیت‌ها'!$H$2:$H$368,A53) -> 61 | C53: =IF($B$32=0,0,B53/$B$32) -> 0.16621253 | D53: مدیریت پروژه، پنل‌ها، نمایش، اندازه‌گیری، تنظیمات و ابزارهای کمکی.
A54: جمع | B54: =SUM(B36:B53) -> 367 | C54: =SUM(C36:C53) -> 1

Sheet راهنما
A1: پایگاه داده‌ی قابلیت‌های پریمیر ‪(Adobe Premiere / Premiere Pro)‬: کاربرد و پشت صحنه
A2: این فایل قابلیت‌های پریمیر را دسته‌بندی کرده و برای هرکدام می‌گوید چه کار می‌کند، هدفش چیست و پریمیر پشت صحنه چطور آن را انجام می‌دهد. تعداد قابلیت‌های هر دسته در برگه‌ی «خلاصه» آمده است.
A3: مبنا: نسخه‌ی ۲۶.۵ (سپتامبر ۲۰۲۶). ادوبی در صفحه‌های جدید راهنما نام برنامه را Adobe Premiere می‌نویسد. قابلیت‌های بتا با کلمه‌ی Beta مشخص شده‌اند و ممکن است تغییر کنند یا روی همه‌ی حساب‌ها فعال نباشند.
A4: میان‌برها برای ویندوز و چیدمان پیش‌فرض صفحه‌کلید نوشته شده‌اند؛ در مک به‌جای Ctrl از Cmd و به‌جای Alt از Option استفاده کنید.
A5: ستون‌های برگه‌ی «قابلیت‌ها»
A6: ردیف: شماره‌ی ثابت هر قابلیت؛ با مرتب‌سازی و فیلتر عوض نمی‌شود.
A7: قابلیت (نام در پریمیر): نام انگلیسی همان‌طور که در منوها، پنل‌ها و فهرست جلوه‌ها دیده می‌شود.
A8: نام فارسی: معادل فارسی برای جست‌وجو و فهم راحت‌تر.
A9: چه کار می‌کند و هدفش چیست: کاربرد عملی قابلیت و اینکه به چه دردی می‌خورد.
A10: پشت صحنه: الگوریتم، مدل ریاضی یا ساختار داده‌ای که پریمیر برای انجام این کار به کار می‌برد.
A11: دسته: گروه موضوعی قابلیت.
A12: کجا / میان‌بر: مسیر منو، پنل یا کلید میان‌بر. جلوه‌ها را می‌توانید با تایپ نامشان در کادر جست‌وجوی پنل Effects پیدا کنید.
... A48: برای دیدن فقط یک دسته، یک نوع پردازش یا فقط قابلیت‌های ارتقای کیفیت، روی فلش فیلتر در سرستون برگه‌ی «قابلیت‌ها» کلیک کنید. ستون‌های «ردیف»، «قابلیت» و «نام فارسی» هنگام اسکرول افقی ثابت می‌مانند.
